Node;Centrality Degree
0;0.3333333333333333
1;0.3333333333333333
2;0.5
4;0.5
6;0.5
7;0.5
8;0.5
9;0.5
3;1.0
5;1.0
