Node;Centrality Degree
18;0.125
10;0.14285714285714285
14;0.14285714285714285
0;0.15384615384615385
3;0.16666666666666666
11;0.16666666666666666
13;0.16666666666666666
19;0.16666666666666666
6;0.18181818181818182
12;0.18181818181818182
15;0.18181818181818182
16;0.18181818181818182
17;0.18181818181818182
1;0.2
5;0.2
9;0.2
2;0.2857142857142857
4;0.2857142857142857
7;0.2857142857142857
8;0.2857142857142857
