Node;Centrality Degree
2;0.25
1;0.2857142857142857
3;0.2857142857142857
4;0.2857142857142857
6;0.2857142857142857
8;0.2857142857142857
9;0.2857142857142857
0;0.3333333333333333
7;0.3333333333333333
5;0.4
