Node;Centrality Degree
3;0.3333333333333333
4;0.3333333333333333
0;0.4
8;0.4
9;0.4
7;0.5
1;0.6666666666666666
2;0.6666666666666666
5;0.6666666666666666
6;0.6666666666666666
